제목,링크
노령묘 건강검진 필수항목이 있다고요? 🐈‍⬛ l 나는 노령묘견과 산다 l 채민경 수의사,https://www.youtube.com/watch?v=vqsetRqfyiA&list=PLfLVnVofgzHL3L_yuomN7kfbPWSr364fZ&index=1&pp=iAQB
우리 집 고양이의 정확한 나이와 건강검진 주기 알려드려요! 🐈  | 나는 노령묘견과 산다 | 채민경 수의사,https://www.youtube.com/watch?v=jPom0XHgzfg&list=PLfLVnVofgzHL3L_yuomN7kfbPWSr364fZ&index=2&pp=iAQB
"반려동물 정보, 어디서 얻고 계신가요? 잘 찾아오셨어요! 🤓 | 스튜디오 놀로 | 설채현 행동학 수의사",https://www.youtube.com/watch?v=19CDihiOovU&list=PLfLVnVofgzHL3L_yuomN7kfbPWSr364fZ&index=3&pp=iAQB
여름철 강아지 음수량 늘릴 수 있는 방법 알려드릴게요! 🚰  | 스튜디오 놀로 | 채민경 수의사,https://www.youtube.com/watch?v=_J3vLSJGew0&list=PLfLVnVofgzHL3L_yuomN7kfbPWSr364fZ&index=4&pp=iAQB
"강아지 음수량 해결 간식, 뺏어 먹어봤어요 🤤 l 뺏어 먹어볼개 l 채민경 수의사",https://www.youtube.com/watch?v=A-Vu041sjYM&list=PLfLVnVofgzHL3L_yuomN7kfbPWSr364fZ&index=5&pp=iAQB
"노령견 기준, 강아지 크기에 따라 다 다르다고요? 🤔 | 나는 노령묘견과 산다 | 채민경 수의사",https://www.youtube.com/watch?v=RvVF2Gpeq00&list=PLfLVnVofgzHL3L_yuomN7kfbPWSr364fZ&index=6&pp=iAQB
"강아지 치아건강 지켜준다는 벌집껌, 뺏어 먹어봤어요! 🐝 l 뺏어 먹어볼개 l 설채현 수의사 채민경 수의사",https://www.youtube.com/watch?v=E5TbhGhsvLw&list=PLfLVnVofgzHL3L_yuomN7kfbPWSr364fZ&index=7&pp=iAQB
반려견 알러지 예방하는 간식은 없나요? 🤔 | 스튜디오 놀로 | 채민경 수의사,https://www.youtube.com/watch?v=mNbfuX9h1FE&list=PLfLVnVofgzHL3L_yuomN7kfbPWSr364fZ&index=8&pp=iAQB
"강아지 건강검진 항목, 이것만은 꼭 알고 가세요! 📝 | 나는 노령묘견과 산다 | 채민경 수의사",https://www.youtube.com/watch?v=PNrynAipUJo&list=PLfLVnVofgzHL3L_yuomN7kfbPWSr364fZ&index=9&pp=iAQB
"노령견 건강검진, 추천 주기 알려드릴게요!  | 나는 노령묘견과 산다 | 채민경 수의사",https://www.youtube.com/watch?v=TA4G_kVl2jQ&list=PLfLVnVofgzHL3L_yuomN7kfbPWSr364fZ&index=10&pp=iAQB
